[
  {
    "value": "Jewel",
    "synonyms": [
      "Jewel",
      "jewel",
      "jwl"
    ]
  },
  {
    "value": "T1",
    "synonyms": [
      "T 1",
      "T1",
      "Terminal 1",
      "t1",
      "terminal 1"
    ]
  },
  {
    "value": "T2",
    "synonyms": [
      "T2",
      "t2",
      "terminal 2",
      "terminal2"
    ]
  },
  {
    "value": "T3",
    "synonyms": [
      "T3",
      "t3",
      "terminal 3",
      "terminal3"
    ]
  },
  {
    "value": "T4",
    "synonyms": [
      "T4",
      "t4",
      "terminal 4"
    ]
  }
]