[
  {
    "value": "Chinese",
    "synonyms": [
      "Chinese",
      "ChowMein",
      "Dumplings",
      "Kung Pao Chicken",
      "Ma Po Tofu",
      "Noodles",
      "Peking Roasted Duck",
      "SpringRolls",
      "Sweetand Sour Pork",
      "Wontons"
    ]
  },
  {
    "value": "Continental",
    "synonyms": [
      "Continental"
    ]
  },
  {
    "value": "Greek",
    "synonyms": [
      "Greek"
    ]
  },
  {
    "value": "Indian",
    "synonyms": [
      "Chapati",
      "Chicken",
      "Dal",
      "Indian",
      "Indian Curry",
      "Paneer",
      "Tandoori"
    ]
  },
  {
    "value": "Italian",
    "synonyms": [
      "Italian"
    ]
  },
  {
    "value": "Japanese",
    "synonyms": [
      "Japanese",
      "Kaiseki",
      "Misosoup.",
      "Sashimi",
      "Shushi",
      "Soba",
      "Tsukemonopickles",
      "Udon",
      "sushi"
    ]
  },
  {
    "value": "Malay",
    "synonyms": [
      "Malay"
    ]
  },
  {
    "value": "Mexican",
    "synonyms": [
      "Mexican"
    ]
  },
  {
    "value": "Muslim",
    "synonyms": [
      "Muslim"
    ]
  },
  {
    "value": "Thai",
    "synonyms": [
      "Thai"
    ]
  },
  {
    "value": "Turkish",
    "synonyms": [
      "Turkish"
    ]
  },
  {
    "value": "Vegetarian",
    "synonyms": [
      "Vegetable",
      "Vegetarian"
    ]
  }
]