[
  {
    "value": "Jewel",
    "synonyms": [
      "Jewel"
    ]
  },
  {
    "value": "Jewel",
    "synonyms": [
      "Jewel",
      "jewel"
    ]
  },
  {
    "value": "T1",
    "synonyms": [
      "T1",
      "Terminal 1",
      "Terminal1",
      "t1"
    ]
  },
  {
    "value": "T2",
    "synonyms": [
      "T2",
      "Terminal 2",
      "Terminal2",
      "t2"
    ]
  },
  {
    "value": "T3",
    "synonyms": [
      "T3",
      "Terminal 3",
      "Terminal3",
      "t3"
    ]
  },
  {
    "value": "T4",
    "synonyms": [
      "T4",
      "Terminal 4",
      "Terminal4",
      "t4"
    ]
  }
]