[
  {
    "id": "f5223f84-46ed-435b-9891-a1c01533c67e",
    "data": [
      {
        "text": "attractions near ",
        "userDefined": false
      },
      {
        "text": "jewel",
        "alias": "TerminalLocation",
        "meta": "@TerminalLocation",
        "userDefined": false
      }
    ],
    "isTemplate": false,
    "count": 0,
    "updated": 0
  },
  {
    "id": "7afa1e55-b12f-43e4-b9da-06e91e00e5cb",
    "data": [
      {
        "text": "attractions at ",
        "userDefined": false
      },
      {
        "text": "jewel",
        "alias": "TerminalLocation",
        "meta": "@TerminalLocation",
        "userDefined": false
      }
    ],
    "isTemplate": false,
    "count": 0,
    "updated": 0
  },
  {
    "id": "a13ce41b-b698-4854-8f01-d1cc4554be65",
    "data": [
      {
        "text": "Attractions near me?",
        "userDefined": false
      }
    ],
    "isTemplate": false,
    "count": 0,
    "updated": 0
  },
  {
    "id": "e462bd9e-f76f-4660-b517-344fedb88da3",
    "data": [
      {
        "text": "Can you help me with ",
        "userDefined": false
      },
      {
        "text": "nearby",
        "meta": "@sys.ignore",
        "userDefined": true
      },
      {
        "text": " attractions?",
        "userDefined": false
      }
    ],
    "isTemplate": false,
    "count": 0,
    "updated": 0
  },
  {
    "id": "b399bc22-a43f-4f11-8d2b-cad1f5cbd8a0",
    "data": [
      {
        "text": "Attractions near ",
        "userDefined": false
      },
      {
        "text": "T4",
        "alias": "TerminalLocation",
        "meta": "@TerminalLocation",
        "userDefined": true
      },
      {
        "text": "?",
        "userDefined": false
      }
    ],
    "isTemplate": false,
    "count": 0,
    "updated": 0
  },
  {
    "id": "c1a9dee5-06ef-4cf3-8015-c72c1b4d4671",
    "data": [
      {
        "text": "Attractions near ",
        "userDefined": false
      },
      {
        "text": "terminal 5",
        "alias": "TerminalLocation",
        "meta": "@TerminalLocation",
        "userDefined": true
      },
      {
        "text": "?",
        "userDefined": false
      }
    ],
    "isTemplate": false,
    "count": 0,
    "updated": 0
  },
  {
    "id": "c60558de-00fa-4d75-ad4a-863debd4267a",
    "data": [
      {
        "text": "What attractions here?",
        "userDefined": false
      }
    ],
    "isTemplate": false,
    "count": 0,
    "updated": 0
  },
  {
    "id": "68e82c20-cbf7-4e6e-93fd-07bc659bcbea",
    "data": [
      {
        "text": "Near by attractions?",
        "userDefined": false
      }
    ],
    "isTemplate": false,
    "count": 0,
    "updated": 0
  },
  {
    "id": "9b0213ba-a201-4db2-a8f5-e634fcbbfc51",
    "data": [
      {
        "text": "what amenities here lah?",
        "userDefined": false
      }
    ],
    "isTemplate": false,
    "count": 0,
    "updated": 0
  }
]