[
  {
    "id": "b249d496-b584-44c0-a7b7-f095bb4613fb",
    "data": [
      {
        "text": "baggage",
        "alias": "BaggageEntity",
        "meta": "@BaggageEntity",
        "userDefined": false
      }
    ],
    "isTemplate": false,
    "count": 1,
    "updated": 0
  },
  {
    "id": "100ac550-e175-47c6-af3b-85e27d3800c1",
    "data": [
      {
        "text": "bag",
        "userDefined": false
      }
    ],
    "isTemplate": false,
    "count": 0,
    "updated": 0
  },
  {
    "id": "b3ae925b-e5d4-4b8a-b7a6-4d0b192c90fe",
    "data": [
      {
        "text": "bags",
        "userDefined": false
      }
    ],
    "isTemplate": false,
    "count": 1,
    "updated": 0
  }
]