[
  {
    "id": "d51fe98a-e4e7-4002-ae9e-63646315623b",
    "data": [
      {
        "text": "ciao",
        "userDefined": false
      }
    ],
    "isTemplate": false,
    "count": 0,
    "updated": 0
  },
  {
    "id": "43c18870-4b97-4cd9-8aa8-ac1e700a069a",
    "data": [
      {
        "text": "adios",
        "userDefined": false
      }
    ],
    "isTemplate": false,
    "count": 0,
    "updated": 0
  },
  {
    "id": "775c1259-a206-482f-8edf-602989104c1b",
    "data": [
      {
        "text": "cya",
        "userDefined": false
      }
    ],
    "isTemplate": false,
    "count": 0,
    "updated": 0
  },
  {
    "id": "d4b900bb-226f-4ccf-a3cd-2c79f23cd116",
    "data": [
      {
        "text": "see ya",
        "userDefined": false
      }
    ],
    "isTemplate": false,
    "count": 0,
    "updated": 0
  },
  {
    "id": "492f5249-1eda-4301-aafd-a6c505665eaa",
    "data": [
      {
        "text": "ta-ta",
        "userDefined": false
      }
    ],
    "isTemplate": false,
    "count": 0,
    "updated": 0
  },
  {
    "id": "1c23dcb7-071c-44a2-98da-cd97d54fb0a4",
    "data": [
      {
        "text": "bye",
        "userDefined": false
      }
    ],
    "isTemplate": false,
    "count": 0,
    "updated": 0
  }
]