[
  {
    "id": "32700936-6f57-4113-a66b-c6fab88dec18",
    "data": [
      {
        "text": "I want to charge my phone",
        "userDefined": false
      }
    ],
    "isTemplate": false,
    "count": 0,
    "updated": 0
  },
  {
    "id": "798ac690-f8fe-40f6-946d-afb762251cb6",
    "data": [
      {
        "text": "Tell me the place where I can find Charging Point at ",
        "userDefined": false
      },
      {
        "text": "T3",
        "alias": "TerminalLocation",
        "meta": "@TerminalLocation",
        "userDefined": true
      }
    ],
    "isTemplate": false,
    "count": 0,
    "updated": 0
  },
  {
    "id": "b057ccd4-5d5f-4ef0-bdcd-a96da8f41e4a",
    "data": [
      {
        "text": "Where can I access the  charging points at ",
        "userDefined": false
      },
      {
        "text": "T1",
        "alias": "TerminalLocation",
        "meta": "@TerminalLocation",
        "userDefined": true
      }
    ],
    "isTemplate": false,
    "count": 0,
    "updated": 0
  },
  {
    "id": "abda61ac-8f45-45ef-a38c-ebf6c6e8c4ee",
    "data": [
      {
        "text": "Where are the charging points",
        "userDefined": false
      }
    ],
    "isTemplate": false,
    "count": 0,
    "updated": 0
  },
  {
    "id": "c11b59bb-7d66-4e4b-b168-f755f58f5e48",
    "data": [
      {
        "text": "nearest Charging at ",
        "userDefined": false
      },
      {
        "text": "Jewel",
        "alias": "TerminalLocation",
        "meta": "@TerminalLocation",
        "userDefined": true
      }
    ],
    "isTemplate": false,
    "count": 0,
    "updated": 0
  },
  {
    "id": "fea86533-11ae-4a77-95e7-1f2257b88543",
    "data": [
      {
        "text": "Where can I find charging points at ",
        "userDefined": false
      },
      {
        "text": "T2",
        "alias": "TerminalLocation",
        "meta": "@TerminalLocation",
        "userDefined": true
      }
    ],
    "isTemplate": false,
    "count": 0,
    "updated": 0
  },
  {
    "id": "e5b19efd-205a-4f7f-8170-1b48f029bcb4",
    "data": [
      {
        "text": "charging points near me",
        "userDefined": false
      }
    ],
    "isTemplate": false,
    "count": 0,
    "updated": 0
  },
  {
    "id": "6a0e222d-99f9-4e86-8304-6f6680822656",
    "data": [
      {
        "text": "Charging Points",
        "userDefined": false
      }
    ],
    "isTemplate": false,
    "count": 0,
    "updated": 0
  }
]