[
  {
    "id": "27ed7c8f-7f54-44f9-bb15-eae432fe2838",
    "data": [
      {
        "text": "Are clinics available near ",
        "userDefined": false
      },
      {
        "text": "t1",
        "alias": "TerminalLocation",
        "meta": "@TerminalLocation",
        "userDefined": true
      }
    ],
    "isTemplate": false,
    "count": 0,
    "updated": 0
  },
  {
    "id": "bb3093da-f230-4d6f-a6f0-7275a6c83317",
    "data": [
      {
        "text": "Clinics at ",
        "userDefined": false
      },
      {
        "text": "Jewel",
        "alias": "TerminalLocation",
        "meta": "@TerminalLocation",
        "userDefined": true
      }
    ],
    "isTemplate": false,
    "count": 0,
    "updated": 0
  },
  {
    "id": "c5a42108-3be7-4cd7-bd4b-f59d1a4817bd",
    "data": [
      {
        "text": "Are Clinics  available near me",
        "userDefined": false
      }
    ],
    "isTemplate": false,
    "count": 0,
    "updated": 0
  },
  {
    "id": "9fa7a4a8-13a4-42c3-b21d-bf8be61c6068",
    "data": [
      {
        "text": "Hospital at ",
        "userDefined": false
      },
      {
        "text": "T2",
        "alias": "TerminalLocation",
        "meta": "@TerminalLocation",
        "userDefined": true
      }
    ],
    "isTemplate": false,
    "count": 0,
    "updated": 0
  },
  {
    "id": "9408bade-9ae7-4f90-acda-0c929aff6847",
    "data": [
      {
        "text": "Hospital near me",
        "userDefined": false
      }
    ],
    "isTemplate": false,
    "count": 0,
    "updated": 0
  },
  {
    "id": "176b1ad0-cfed-452a-9c32-7238277f8359",
    "data": [
      {
        "text": "Clinic near me",
        "userDefined": false
      }
    ],
    "isTemplate": false,
    "count": 0,
    "updated": 0
  },
  {
    "id": "94105ba7-8d1a-40c0-ac2e-b8c8a06e1a2a",
    "data": [
      {
        "text": "Clinincs",
        "userDefined": false
      }
    ],
    "isTemplate": false,
    "count": 0,
    "updated": 0
  }
]