[
  {
    "id": "835b5ac7-605f-4403-a754-b396fea812a3",
    "data": [
      {
        "text": "Drop ",
        "userDefined": false
      },
      {
        "text": "Bags",
        "alias": "BaggageEntity",
        "meta": "@BaggageEntity",
        "userDefined": false
      }
    ],
    "isTemplate": false,
    "count": 0,
    "updated": 0
  },
  {
    "id": "b5a89558-6b74-4feb-a5b1-c43fb50630f1",
    "data": [
      {
        "text": "Drop ",
        "userDefined": false
      },
      {
        "text": "Baggage",
        "alias": "BaggageEntity",
        "meta": "@BaggageEntity",
        "userDefined": false
      }
    ],
    "isTemplate": false,
    "count": 0,
    "updated": 0
  },
  {
    "id": "55935046-2675-4149-8af8-d651b225a161",
    "data": [
      {
        "text": "Drop",
        "userDefined": false
      }
    ],
    "isTemplate": false,
    "count": 0,
    "updated": 0
  },
  {
    "id": "89e9e054-80cf-4cb2-ab33-81efab7be22d",
    "data": [
      {
        "text": "Where can I submit my checked-in luggage",
        "userDefined": false
      }
    ],
    "isTemplate": false,
    "count": 0,
    "updated": 0
  },
  {
    "id": "da47cd9e-8d65-4ba1-b923-e4918cc84e41",
    "data": [
      {
        "text": "I need to drop the bag",
        "userDefined": false
      }
    ],
    "isTemplate": false,
    "count": 0,
    "updated": 0
  },
  {
    "id": "e57c0f19-ff5b-4e09-bf81-c77ab91e1846",
    "data": [
      {
        "text": "Can I drop my ",
        "userDefined": false
      },
      {
        "text": "bags",
        "alias": "BaggageEntity",
        "meta": "@BaggageEntity",
        "userDefined": false
      },
      {
        "text": " at the airport",
        "userDefined": false
      }
    ],
    "isTemplate": false,
    "count": 0,
    "updated": 0
  },
  {
    "id": "60ff3da8-1b14-4f63-92e4-29f01fa6f9be",
    "data": [
      {
        "text": "Where should I leave my ",
        "userDefined": false
      },
      {
        "text": "bags",
        "alias": "BaggageEntity",
        "meta": "@BaggageEntity",
        "userDefined": true
      },
      {
        "text": " at the airport?",
        "userDefined": false
      }
    ],
    "isTemplate": false,
    "count": 0,
    "updated": 0
  },
  {
    "id": "affbace6-a2b3-434a-96c5-414e89d94db5",
    "data": [
      {
        "text": "Where should I leave my ",
        "userDefined": false
      },
      {
        "text": "baggage",
        "alias": "BaggageEntity",
        "meta": "@BaggageEntity",
        "userDefined": false
      }
    ],
    "isTemplate": false,
    "count": 0,
    "updated": 0
  },
  {
    "id": "da5ddb5b-eb46-414d-b5aa-7a30e1f5f753",
    "data": [
      {
        "text": "I want to drop my ",
        "userDefined": false
      },
      {
        "text": "luggage",
        "alias": "BaggageEntity",
        "meta": "@BaggageEntity",
        "userDefined": false
      }
    ],
    "isTemplate": false,
    "count": 0,
    "updated": 0
  },
  {
    "id": "1ddff8d6-5430-4159-8bd2-44a9c3624ab0",
    "data": [
      {
        "text": "Where can I drop my ",
        "userDefined": false
      },
      {
        "text": "baggage",
        "alias": "BaggageEntity",
        "meta": "@BaggageEntity",
        "userDefined": false
      }
    ],
    "isTemplate": false,
    "count": 0,
    "updated": 0
  },
  {
    "id": "7839bdd0-c892-406d-bcf1-70a52eb0ce80",
    "data": [
      {
        "text": "where can I drop my ",
        "userDefined": false
      },
      {
        "text": "baggage",
        "alias": "BaggageEntity",
        "meta": "@BaggageEntity",
        "userDefined": true
      },
      {
        "text": "?",
        "userDefined": false
      }
    ],
    "isTemplate": false,
    "count": 0,
    "updated": 0
  }
]