[
  {
    "id": "2b4b3a7e-3cbc-4ae9-af09-f88d9bdf44d8",
    "data": [
      {
        "text": "Rest area",
        "userDefined": false
      }
    ],
    "isTemplate": false,
    "count": 0,
    "updated": 0
  },
  {
    "id": "c0fe7af4-91cf-4084-ab6d-24245c726fea",
    "data": [
      {
        "text": "Rest areas",
        "userDefined": false
      }
    ],
    "isTemplate": false,
    "count": 0,
    "updated": 0
  },
  {
    "id": "6f618334-6567-45a0-8b85-544e237532fe",
    "data": [
      {
        "text": "Resting",
        "userDefined": false
      }
    ],
    "isTemplate": false,
    "count": 0,
    "updated": 0
  },
  {
    "id": "bbd7651f-55c6-414f-a5a2-5c4ee6edbbdd",
    "data": [
      {
        "text": "Rest",
        "userDefined": false
      }
    ],
    "isTemplate": false,
    "count": 0,
    "updated": 0
  },
  {
    "id": "65648a3c-8b1d-483b-9e64-37400d775420",
    "data": [
      {
        "text": "I want to rest",
        "userDefined": false
      }
    ],
    "isTemplate": false,
    "count": 0,
    "updated": 0
  },
  {
    "id": "fdfc7956-e2cc-4a75-b49d-e889e025871c",
    "data": [
      {
        "text": "Resting areas for free",
        "userDefined": false
      }
    ],
    "isTemplate": false,
    "count": 0,
    "updated": 0
  },
  {
    "id": "70c0b284-f8b9-4e7e-bddf-7f3819214891",
    "data": [
      {
        "text": "Free resting areas",
        "userDefined": false
      }
    ],
    "isTemplate": false,
    "count": 0,
    "updated": 0
  },
  {
    "id": "69660287-de5f-462b-8468-35ec8dd3e5ff",
    "data": [
      {
        "text": "resting areas near me",
        "userDefined": false
      }
    ],
    "isTemplate": false,
    "count": 0,
    "updated": 0
  },
  {
    "id": "56d4d0fb-87a2-4154-8707-52a023925b27",
    "data": [
      {
        "text": "resting areas",
        "userDefined": false
      }
    ],
    "isTemplate": false,
    "count": 1,
    "updated": 0
  },
  {
    "id": "b83f2feb-9ec4-4c6f-ae06-367fd1f381fb",
    "data": [
      {
        "text": "Where Can i look for Free rest areas",
        "userDefined": false
      }
    ],
    "isTemplate": false,
    "count": 0,
    "updated": 0
  },
  {
    "id": "6998c4d6-d59b-4019-a47b-3dd26c543dcf",
    "data": [
      {
        "text": "Can I use Free rest areas at ",
        "userDefined": false
      },
      {
        "text": "T2",
        "alias": "TerminalLocation",
        "meta": "@TerminalLocation",
        "userDefined": true
      }
    ],
    "isTemplate": false,
    "count": 0,
    "updated": 0
  },
  {
    "id": "abf771a4-328f-49d2-b85c-834d1d1f7461",
    "data": [
      {
        "text": "Where can I find Free rest areas",
        "userDefined": false
      }
    ],
    "isTemplate": false,
    "count": 0,
    "updated": 0
  },
  {
    "id": "09dd8665-a78b-432e-bf0a-bcfa16cd1274",
    "data": [
      {
        "text": "Free Rest areas near me",
        "userDefined": false
      }
    ],
    "isTemplate": false,
    "count": 0,
    "updated": 0
  },
  {
    "id": "805f8f30-56e9-4520-8158-448410ecf6cd",
    "data": [
      {
        "text": "Free rest areas",
        "userDefined": false
      }
    ],
    "isTemplate": false,
    "count": 0,
    "updated": 0
  },
  {
    "id": "8c661626-83ca-44fb-8323-75e6ab2de2b0",
    "data": [
      {
        "text": "Can I use Free rest areas",
        "userDefined": false
      }
    ],
    "isTemplate": false,
    "count": 0,
    "updated": 0
  }
]