[
  {
    "id": "3e69b342-675d-4b66-9046-e5e2c0023f1f",
    "data": [
      {
        "text": "prev",
        "userDefined": false
      }
    ],
    "isTemplate": false,
    "count": 0,
    "updated": 0
  },
  {
    "id": "21cfc439-12a5-4dd5-bb8d-9e4d33f2bd7b",
    "data": [
      {
        "text": "previous",
        "userDefined": false
      }
    ],
    "isTemplate": false,
    "count": 0,
    "updated": 0
  },
  {
    "id": "449242ef-e49c-49f7-93eb-c8dc135d6ae2",
    "data": [
      {
        "text": "back",
        "userDefined": false
      }
    ],
    "isTemplate": false,
    "count": 1,
    "updated": 0
  }
]