[
  {
    "id": "a3bf53b4-8eaf-4cac-b373-8fcfc23f3c93",
    "data": [
      {
        "text": "Documents for Immigration",
        "userDefined": false
      }
    ],
    "isTemplate": false,
    "count": 0,
    "updated": 0
  },
  {
    "id": "7715f1b0-410b-4b7b-9b14-8a1d76284542",
    "data": [
      {
        "text": "How do immigration facility work at ",
        "userDefined": false
      },
      {
        "text": "Singapore",
        "meta": "@sys.ignore",
        "userDefined": false
      }
    ],
    "isTemplate": false,
    "count": 0,
    "updated": 0
  },
  {
    "id": "7c2ca67b-b251-4893-91a4-a2b1044c4d83",
    "data": [
      {
        "text": "How much time does it take for immigration",
        "userDefined": false
      }
    ],
    "isTemplate": false,
    "count": 0,
    "updated": 0
  },
  {
    "id": "18e0cb82-dea7-43d0-bc46-1e4fe1293b56",
    "data": [
      {
        "text": "Where is the immigration point located",
        "userDefined": false
      }
    ],
    "isTemplate": false,
    "count": 0,
    "updated": 0
  },
  {
    "id": "a278d85b-b0bd-4827-994d-431c56a8e39e",
    "data": [
      {
        "text": "How to arrive at Immigration Point",
        "userDefined": false
      }
    ],
    "isTemplate": false,
    "count": 0,
    "updated": 0
  },
  {
    "id": "97b17942-a9e4-482e-8d9a-ed3aced0d226",
    "data": [
      {
        "text": "Immigration at Singapore",
        "userDefined": false
      }
    ],
    "isTemplate": false,
    "count": 0,
    "updated": 0
  },
  {
    "id": "32af6593-9ae3-4e73-9766-b86a9d3d0a05",
    "data": [
      {
        "text": "What all documents to carry for the immigration?",
        "userDefined": false
      }
    ],
    "isTemplate": false,
    "count": 0,
    "updated": 0
  },
  {
    "id": "63c95004-0553-43fc-af7d-528513f6ea9f",
    "data": [
      {
        "text": "Immigration",
        "userDefined": false
      }
    ],
    "isTemplate": false,
    "count": 0,
    "updated": 0
  },
  {
    "id": "c50b9ed6-c782-4c14-93dd-31cab899c67c",
    "data": [
      {
        "text": "How much does it take at immigration",
        "userDefined": false
      }
    ],
    "isTemplate": false,
    "count": 0,
    "updated": 0
  },
  {
    "id": "77e2ba32-2da4-493b-afcf-e1313d15a668",
    "data": [
      {
        "text": "Where is the immigration point",
        "userDefined": false
      }
    ],
    "isTemplate": false,
    "count": 0,
    "updated": 0
  }
]