[
  {
    "id": "a4388384-2377-49bb-9f41-8bc0c545d3e7",
    "data": [
      {
        "text": "Can I use Pay Per Use Lounges at ",
        "userDefined": false
      },
      {
        "text": "T3",
        "alias": "TerminalLocation",
        "meta": "@TerminalLocation",
        "userDefined": true
      }
    ],
    "isTemplate": false,
    "count": 0,
    "updated": 0
  },
  {
    "id": "5d045bae-1cb3-434d-ac68-a4027679478d",
    "data": [
      {
        "text": "Are Pay Per Use Lounges available?",
        "userDefined": false
      }
    ],
    "isTemplate": false,
    "count": 0,
    "updated": 0
  },
  {
    "id": "2944de48-4d87-453d-8643-8a36b0e97e0f",
    "data": [
      {
        "text": "PayPerUseLounges",
        "userDefined": false
      }
    ],
    "isTemplate": false,
    "count": 0,
    "updated": 0
  },
  {
    "id": "a31a9387-85cc-4205-bdcc-da3271a8b673",
    "data": [
      {
        "text": "Pay Per Use Lounges",
        "userDefined": false
      }
    ],
    "isTemplate": false,
    "count": 0,
    "updated": 0
  },
  {
    "id": "ceaeb915-aefa-45f3-a07c-c36c2053e5cb",
    "data": [
      {
        "text": "are pay per use lounges available at ",
        "userDefined": false
      },
      {
        "text": "T2",
        "alias": "TerminalLocation",
        "meta": "@TerminalLocation",
        "userDefined": true
      }
    ],
    "isTemplate": false,
    "count": 0,
    "updated": 0
  }
]