[
  {
    "id": "4d83e7cc-3831-4138-b187-c47a35202868",
    "data": [
      {
        "text": "Is there a pharmacy near me?",
        "userDefined": false
      }
    ],
    "isTemplate": false,
    "count": 0,
    "updated": 0
  },
  {
    "id": "77ff9c28-421f-4527-92ed-d096b0d41bed",
    "data": [
      {
        "text": "Pharmacy",
        "userDefined": false
      }
    ],
    "isTemplate": false,
    "count": 0,
    "updated": 0
  },
  {
    "id": "630e11bf-d33e-4d0b-94c4-969c1bba7795",
    "data": [
      {
        "text": "Pharmacy near ",
        "userDefined": false
      },
      {
        "text": "jewel",
        "alias": "TerminalLocation",
        "meta": "@TerminalLocation",
        "userDefined": true
      }
    ],
    "isTemplate": false,
    "count": 0,
    "updated": 0
  },
  {
    "id": "d2e6669b-af5f-4dd8-adbe-ddf0f546c79d",
    "data": [
      {
        "text": "Are pharmacy available near ",
        "userDefined": false
      },
      {
        "text": "T2",
        "alias": "TerminalLocation",
        "meta": "@TerminalLocation",
        "userDefined": true
      }
    ],
    "isTemplate": false,
    "count": 0,
    "updated": 0
  },
  {
    "id": "7fa6cca1-8b41-4f89-84a2-a78e2017ae27",
    "data": [
      {
        "text": "Where can I find medical Shops ?",
        "userDefined": false
      }
    ],
    "isTemplate": false,
    "count": 0,
    "updated": 0
  },
  {
    "id": "0d82ccc0-9a49-487d-97d4-af23d12ddc7b",
    "data": [
      {
        "text": "Pharmacy near me",
        "userDefined": false
      }
    ],
    "isTemplate": false,
    "count": 0,
    "updated": 0
  },
  {
    "id": "90bde61c-ff6b-4df4-8ed8-84e0475e7206",
    "data": [
      {
        "text": "Medical Shops near me",
        "userDefined": false
      }
    ],
    "isTemplate": false,
    "count": 0,
    "updated": 0
  }
]