[
  {
    "id": "cb77c107-f1fd-4433-9431-5772b6d48e95",
    "data": [
      {
        "text": "Porter Services",
        "userDefined": false
      }
    ],
    "isTemplate": false,
    "count": 0,
    "updated": 0
  },
  {
    "id": "c67df5ca-ae56-436c-a207-0f704138c393",
    "data": [
      {
        "text": "Porter Service",
        "userDefined": false
      }
    ],
    "isTemplate": false,
    "count": 0,
    "updated": 0
  },
  {
    "id": "cb909e79-a585-4081-8a53-c69b8b578143",
    "data": [
      {
        "text": "Porter",
        "userDefined": false
      }
    ],
    "isTemplate": false,
    "count": 0,
    "updated": 0
  },
  {
    "id": "432805e7-b895-4951-bd8f-65a6a262088c",
    "data": [
      {
        "text": "Can  I have porter services",
        "userDefined": false
      }
    ],
    "isTemplate": false,
    "count": 0,
    "updated": 0
  },
  {
    "id": "add85a09-8164-4f8b-9fbd-b9fe78b215cc",
    "data": [
      {
        "text": "Do you provide  porter services",
        "userDefined": false
      }
    ],
    "isTemplate": false,
    "count": 0,
    "updated": 0
  },
  {
    "id": "6b2543ac-493d-4696-9ab0-062e928c97b8",
    "data": [
      {
        "text": "Can you tell me about the porter services",
        "userDefined": false
      }
    ],
    "isTemplate": false,
    "count": 0,
    "updated": 0
  },
  {
    "id": "7690ec65-d83d-47d3-9627-6fae1e186c64",
    "data": [
      {
        "text": "I would like to have the porter services",
        "userDefined": false
      }
    ],
    "isTemplate": false,
    "count": 0,
    "updated": 0
  },
  {
    "id": "603f7f42-d20a-4eda-a675-604a21bd3463",
    "data": [
      {
        "text": "are the porter services available here",
        "userDefined": false
      }
    ],
    "isTemplate": false,
    "count": 0,
    "updated": 0
  },
  {
    "id": "2b51d726-b540-40ee-a73a-92b0b51dffc4",
    "data": [
      {
        "text": "what are the charges for the porter service",
        "userDefined": false
      }
    ],
    "isTemplate": false,
    "count": 0,
    "updated": 0
  },
  {
    "id": "5e86bd8b-0ea9-4c1c-a5be-b8e10abdc171",
    "data": [
      {
        "text": "porter service",
        "userDefined": false
      }
    ],
    "isTemplate": false,
    "count": 0,
    "updated": 0
  },
  {
    "id": "ec61d6f7-d1dd-4a0e-862a-ffbe972254a7",
    "data": [
      {
        "text": "Can i Get the porter service",
        "userDefined": false
      }
    ],
    "isTemplate": false,
    "count": 0,
    "updated": 0
  },
  {
    "id": "f0205c8a-352b-40ca-876b-20f2bfb0f7e7",
    "data": [
      {
        "text": "I need a porter service",
        "userDefined": false
      }
    ],
    "isTemplate": false,
    "count": 0,
    "updated": 0
  }
]