[
  {
    "id": "b824d122-875b-4039-bf15-ac582fe1997d",
    "data": [
      {
        "text": "I want to have ",
        "userDefined": false
      },
      {
        "text": "dal",
        "alias": "RestaurantCuisine",
        "meta": "@RestaurantCuisine",
        "userDefined": true
      },
      {
        "text": " and ",
        "userDefined": false
      },
      {
        "text": "chapati",
        "alias": "RestaurantCuisine",
        "meta": "@RestaurantCuisine",
        "userDefined": true
      }
    ],
    "isTemplate": false,
    "count": 0,
    "updated": 0
  },
  {
    "id": "12942f43-75c3-4085-bb0c-1ef518eefabf",
    "data": [
      {
        "text": "I want to have ",
        "userDefined": false
      },
      {
        "text": "sushi",
        "alias": "RestaurantCuisine",
        "meta": "@RestaurantCuisine",
        "userDefined": false
      }
    ],
    "isTemplate": false,
    "count": 0,
    "updated": 0
  },
  {
    "id": "f9a1aeb5-4904-4c47-b784-d068166959d3",
    "data": [
      {
        "text": "I want to eat ",
        "userDefined": false
      },
      {
        "text": "sushi",
        "alias": "RestaurantCuisine",
        "meta": "@RestaurantCuisine",
        "userDefined": true
      }
    ],
    "isTemplate": false,
    "count": 0,
    "updated": 0
  },
  {
    "id": "e174815f-36e2-470c-9d31-0d1edf2b72a8",
    "data": [
      {
        "text": "Japanese Food",
        "alias": "RestaurantCuisine",
        "meta": "@RestaurantCuisine",
        "userDefined": false
      },
      {
        "text": " at ",
        "userDefined": false
      },
      {
        "text": "T3",
        "alias": "TerminalLocation",
        "meta": "@TerminalLocation",
        "userDefined": false
      }
    ],
    "isTemplate": false,
    "count": 0,
    "updated": 0
  },
  {
    "id": "1ac2467a-6215-4afa-9f4c-4d7ade7b61b0",
    "data": [
      {
        "text": "Indian",
        "alias": "RestaurantCuisine",
        "meta": "@RestaurantCuisine",
        "userDefined": false
      },
      {
        "text": " Restaurant at ",
        "userDefined": false
      },
      {
        "text": "T2",
        "alias": "TerminalLocation",
        "meta": "@TerminalLocation",
        "userDefined": false
      }
    ],
    "isTemplate": false,
    "count": 0,
    "updated": 0
  },
  {
    "id": "dbd2c2a7-566d-442e-9883-671a7ce17715",
    "data": [
      {
        "text": "Can I have some rice and ",
        "userDefined": false
      },
      {
        "text": "chapati",
        "alias": "RestaurantCuisine",
        "meta": "@RestaurantCuisine",
        "userDefined": false
      },
      {
        "text": " at ",
        "userDefined": false
      },
      {
        "text": "T1",
        "alias": "TerminalLocation",
        "meta": "@TerminalLocation",
        "userDefined": true
      }
    ],
    "isTemplate": false,
    "count": 0,
    "updated": 0
  },
  {
    "id": "493f37a9-39b4-459d-b7e5-c0765dffbf16",
    "data": [
      {
        "text": "Can I get ",
        "userDefined": false
      },
      {
        "text": "dumplings",
        "alias": "RestaurantCuisine",
        "meta": "@RestaurantCuisine",
        "userDefined": false
      },
      {
        "text": "?",
        "userDefined": false
      }
    ],
    "isTemplate": false,
    "count": 0,
    "updated": 0
  },
  {
    "id": "1c8ddc4e-4e13-4bda-af20-4659d6c4c39e",
    "data": [
      {
        "text": "Where can I have Tart and eggs",
        "userDefined": false
      }
    ],
    "isTemplate": false,
    "count": 0,
    "updated": 0
  },
  {
    "id": "8e4aceb2-944b-4634-80da-62634c591a37",
    "data": [
      {
        "text": "I would like to have some food",
        "userDefined": false
      }
    ],
    "isTemplate": false,
    "count": 0,
    "updated": 0
  },
  {
    "id": "d9d70c7d-2e24-4dc7-8a2e-ab20aceca51b",
    "data": [
      {
        "text": "Can I have some food",
        "userDefined": false
      }
    ],
    "isTemplate": false,
    "count": 0,
    "updated": 0
  },
  {
    "id": "f2e1eff2-b611-4cb2-9cd5-deadb2609245",
    "data": [
      {
        "text": "Can I have ",
        "userDefined": false
      },
      {
        "text": "Dal",
        "alias": "RestaurantCuisine",
        "meta": "@RestaurantCuisine",
        "userDefined": false
      },
      {
        "text": " and ",
        "userDefined": false
      },
      {
        "text": "Chapati",
        "alias": "RestaurantCuisine",
        "meta": "@RestaurantCuisine",
        "userDefined": false
      }
    ],
    "isTemplate": false,
    "count": 0,
    "updated": 0
  },
  {
    "id": "74f0dd9b-d1f0-4eaf-b09d-d4ac601ec31b",
    "data": [
      {
        "text": "Can I have some ",
        "userDefined": false
      },
      {
        "text": "Continental",
        "alias": "RestaurantCuisine",
        "meta": "@RestaurantCuisine",
        "userDefined": true
      },
      {
        "text": " Food",
        "userDefined": false
      }
    ],
    "isTemplate": false,
    "count": 0,
    "updated": 0
  },
  {
    "id": "eca193bc-8500-44b6-8343-24ca8868f4f9",
    "data": [
      {
        "text": "I want to have some ",
        "userDefined": false
      },
      {
        "text": "Muslim food",
        "alias": "RestaurantCuisine",
        "meta": "@RestaurantCuisine",
        "userDefined": true
      }
    ],
    "isTemplate": false,
    "count": 0,
    "updated": 0
  },
  {
    "id": "67849fc4-de51-4636-9e1a-4ff4fac944d0",
    "data": [
      {
        "text": "I want to have some ",
        "userDefined": false
      },
      {
        "text": "Malay",
        "alias": "RestaurantCuisine",
        "meta": "@RestaurantCuisine",
        "userDefined": true
      },
      {
        "text": " Food",
        "userDefined": false
      }
    ],
    "isTemplate": false,
    "count": 0,
    "updated": 0
  },
  {
    "id": "eb38938d-0863-4383-a1ef-ed4ae9c8bee6",
    "data": [
      {
        "text": "What all the food options are available at the ",
        "userDefined": false
      },
      {
        "text": "airport",
        "meta": "@sys.ignore",
        "userDefined": true
      },
      {
        "text": "?",
        "userDefined": false
      }
    ],
    "isTemplate": false,
    "count": 0,
    "updated": 0
  },
  {
    "id": "d7a3a6a3-2194-41f0-9dcb-f2b26a78e23a",
    "data": [
      {
        "text": "Restaurant",
        "userDefined": false
      }
    ],
    "isTemplate": false,
    "count": 0,
    "updated": 0
  },
  {
    "id": "ea7e720c-b1ca-495e-bf2e-ee1929720ac6",
    "data": [
      {
        "text": "What is the food available at ",
        "userDefined": false
      },
      {
        "text": "Terminal 3",
        "alias": "TerminalLocation",
        "meta": "@TerminalLocation",
        "userDefined": false
      }
    ],
    "isTemplate": false,
    "count": 0,
    "updated": 0
  },
  {
    "id": "30f8f44d-b127-4884-92e1-6458773af6f2",
    "data": [
      {
        "text": "What are some restaurants at ",
        "userDefined": false
      },
      {
        "text": "Terminal 4",
        "alias": "TerminalLocation",
        "meta": "@TerminalLocation",
        "userDefined": false
      }
    ],
    "isTemplate": false,
    "count": 0,
    "updated": 0
  },
  {
    "id": "94a3ea01-257c-4b55-8a75-227fca80a50e",
    "data": [
      {
        "text": "Help me with some ",
        "userDefined": false
      },
      {
        "text": "Italian",
        "alias": "RestaurantCuisine",
        "meta": "@RestaurantCuisine",
        "userDefined": true
      },
      {
        "text": " Cuisine",
        "userDefined": false
      }
    ],
    "isTemplate": false,
    "count": 0,
    "updated": 0
  },
  {
    "id": "ee2b0edc-a317-474d-bfeb-ba01117eab4b",
    "data": [
      {
        "text": "I want to eat ",
        "userDefined": false
      },
      {
        "text": "Arabian",
        "alias": "RestaurantCuisine",
        "meta": "@RestaurantCuisine",
        "userDefined": true
      },
      {
        "text": " Food",
        "userDefined": false
      }
    ],
    "isTemplate": false,
    "count": 0,
    "updated": 0
  },
  {
    "id": "b3b7c75a-7586-41dc-9b72-925bb3f429ac",
    "data": [
      {
        "text": "Recommend Some ",
        "userDefined": false
      },
      {
        "text": "Chinese",
        "alias": "RestaurantCuisine",
        "meta": "@RestaurantCuisine",
        "userDefined": true
      },
      {
        "text": " Restaurants",
        "userDefined": false
      }
    ],
    "isTemplate": false,
    "count": 0,
    "updated": 0
  },
  {
    "id": "2b5f98f6-5634-4d0d-8803-7244bd90328a",
    "data": [
      {
        "text": "Show me the list of restaurants near me",
        "userDefined": false
      }
    ],
    "isTemplate": false,
    "count": 0,
    "updated": 0
  },
  {
    "id": "847e9e3c-18c1-4a63-882c-6f9ea5612eca",
    "data": [
      {
        "text": "What are the food options",
        "userDefined": false
      }
    ],
    "isTemplate": false,
    "count": 0,
    "updated": 0
  },
  {
    "id": "571f30aa-580b-4ffe-a95c-9a06e30759d8",
    "data": [
      {
        "text": "Any ",
        "userDefined": false
      },
      {
        "text": "Chinese",
        "alias": "RestaurantCuisine",
        "meta": "@RestaurantCuisine",
        "userDefined": true
      },
      {
        "text": " restaurant here?",
        "userDefined": false
      }
    ],
    "isTemplate": false,
    "count": 0,
    "updated": 0
  },
  {
    "id": "f9f95aa4-a38e-4e1f-8440-786ec3559cf6",
    "data": [
      {
        "text": "Asian",
        "alias": "RestaurantCuisine",
        "meta": "@RestaurantCuisine",
        "userDefined": true
      },
      {
        "text": " Food Fusion",
        "userDefined": false
      }
    ],
    "isTemplate": false,
    "count": 0,
    "updated": 0
  },
  {
    "id": "a4afd311-03b9-4a23-acaa-48606cbd9d1d",
    "data": [
      {
        "text": "Search for a list of restaurants near me",
        "userDefined": false
      }
    ],
    "isTemplate": false,
    "count": 0,
    "updated": 0
  },
  {
    "id": "356beeed-28fa-4dbd-91d4-230f3899e047",
    "data": [
      {
        "text": "Where can I get a Burger",
        "userDefined": false
      }
    ],
    "isTemplate": false,
    "count": 0,
    "updated": 0
  },
  {
    "id": "26d397d5-ef6d-4b79-b6f8-29542900067e",
    "data": [
      {
        "text": "Show me ",
        "userDefined": false
      },
      {
        "text": "Shushi",
        "alias": "RestaurantCuisine",
        "meta": "@RestaurantCuisine",
        "userDefined": true
      },
      {
        "text": " Restaurant here",
        "userDefined": false
      }
    ],
    "isTemplate": false,
    "count": 0,
    "updated": 0
  },
  {
    "id": "662e030f-6254-4c93-8f58-439bbf02eef0",
    "data": [
      {
        "text": "I feel like eating a ",
        "userDefined": false
      },
      {
        "text": "cheeseburger",
        "alias": "RestaurantCuisine",
        "meta": "@RestaurantCuisine",
        "userDefined": true
      }
    ],
    "isTemplate": false,
    "count": 0,
    "updated": 0
  },
  {
    "id": "9ee856cd-2375-495d-bf86-7c791907a329",
    "data": [
      {
        "text": "Any ",
        "userDefined": false
      },
      {
        "text": "Indian",
        "alias": "RestaurantCuisine",
        "meta": "@RestaurantCuisine",
        "userDefined": true
      },
      {
        "text": " Restaurants here?",
        "userDefined": false
      }
    ],
    "isTemplate": false,
    "count": 0,
    "updated": 0
  },
  {
    "id": "e8139a56-3155-4c92-9c4c-1aa78898b106",
    "data": [
      {
        "text": "Find Cheap restaurants at the  ",
        "userDefined": false
      },
      {
        "text": "t1",
        "alias": "TerminalLocation",
        "meta": "@TerminalLocation",
        "userDefined": true
      }
    ],
    "isTemplate": false,
    "count": 0,
    "updated": 0
  },
  {
    "id": "ed6a7c2d-e63c-4197-8856-63ceddb0cd4c",
    "data": [
      {
        "text": "are there any restaurants nearby?",
        "userDefined": false
      }
    ],
    "isTemplate": false,
    "count": 0,
    "updated": 0
  }
]