[
  {
    "id": "e436455b-bc6c-43fe-ad49-e23ab4df0308",
    "data": [
      {
        "text": "SmokingRooms",
        "userDefined": false
      }
    ],
    "isTemplate": false,
    "count": 0,
    "updated": 0
  },
  {
    "id": "710dd6fe-8934-406a-9dc3-320994b12b78",
    "data": [
      {
        "text": "smoking rooms",
        "userDefined": false
      }
    ],
    "isTemplate": false,
    "count": 0,
    "updated": 0
  },
  {
    "id": "c709a237-107f-4bcc-a617-c1a32b4d6c8e",
    "data": [
      {
        "text": "Nearby place to smoke",
        "userDefined": false
      }
    ],
    "isTemplate": false,
    "count": 0,
    "updated": 0
  },
  {
    "id": "edb174fa-0c77-449b-90c9-f23e9f8db6d2",
    "data": [
      {
        "text": "Place to smoke",
        "userDefined": false
      }
    ],
    "isTemplate": false,
    "count": 0,
    "updated": 0
  },
  {
    "id": "81ffe5d7-7c04-4251-b2f9-2e3789aa1f19",
    "data": [
      {
        "text": "Smokers Pit",
        "userDefined": false
      }
    ],
    "isTemplate": false,
    "count": 0,
    "updated": 0
  },
  {
    "id": "eb77cafb-59ec-4e6c-89a7-24964cc5c194",
    "data": [
      {
        "text": "Can I smoke at the ",
        "userDefined": false
      },
      {
        "text": "jewel",
        "alias": "TerminalLocation",
        "meta": "@TerminalLocation",
        "userDefined": true
      }
    ],
    "isTemplate": false,
    "count": 0,
    "updated": 0
  },
  {
    "id": "084a808d-2982-4488-ab1a-1bd9807b5914",
    "data": [
      {
        "text": "Tell me a nearest place for smoking",
        "userDefined": false
      }
    ],
    "isTemplate": false,
    "count": 0,
    "updated": 0
  },
  {
    "id": "82409f4f-0eaf-4f83-ac0b-390f9f349a7b",
    "data": [
      {
        "text": "Where Can I go for smoking",
        "userDefined": false
      }
    ],
    "isTemplate": false,
    "count": 0,
    "updated": 0
  },
  {
    "id": "1d111248-c37e-4b3a-9a45-b0b09abbac09",
    "data": [
      {
        "text": "Can you tell me something about smoking room",
        "userDefined": false
      }
    ],
    "isTemplate": false,
    "count": 0,
    "updated": 0
  },
  {
    "id": "417b035f-d1cb-4df0-bf89-d7882b925c3f",
    "data": [
      {
        "text": "I want to smoke at ",
        "userDefined": false
      },
      {
        "text": "Terminal 1",
        "alias": "TerminalLocation",
        "meta": "@TerminalLocation",
        "userDefined": true
      }
    ],
    "isTemplate": false,
    "count": 0,
    "updated": 0
  },
  {
    "id": "910c3762-e934-4203-a09f-4516fbac8a3a",
    "data": [
      {
        "text": "Smoke",
        "userDefined": false
      }
    ],
    "isTemplate": false,
    "count": 0,
    "updated": 0
  },
  {
    "id": "d13aa65c-6508-4a17-bb40-f1494d1c984b",
    "data": [
      {
        "text": "Smoking at ",
        "userDefined": false
      },
      {
        "text": "t2",
        "alias": "TerminalLocation",
        "meta": "@TerminalLocation",
        "userDefined": true
      }
    ],
    "isTemplate": false,
    "count": 0,
    "updated": 0
  },
  {
    "id": "cb3c39c4-056a-49b5-b955-534d1ec6569d",
    "data": [
      {
        "text": "Where can do smoking",
        "userDefined": false
      }
    ],
    "isTemplate": false,
    "count": 0,
    "updated": 0
  },
  {
    "id": "60fd6fc7-7d6a-49e3-b5d1-ab0cc9a255b3",
    "data": [
      {
        "text": "Where can I find smoking rooms",
        "userDefined": false
      }
    ],
    "isTemplate": false,
    "count": 0,
    "updated": 0
  }
]