[
  {
    "id": "721543ac-7f66-4c5a-8103-9bde2ef694b6",
    "data": [
      {
        "text": "luggage",
        "alias": "BaggageEntity",
        "meta": "@BaggageEntity",
        "userDefined": false
      },
      {
        "text": " storage services",
        "userDefined": false
      }
    ],
    "isTemplate": false,
    "count": 0,
    "updated": 0
  },
  {
    "id": "f5dc31ed-62d6-4a13-accc-1892fddc2427",
    "data": [
      {
        "text": "bag storage services",
        "userDefined": false
      }
    ],
    "isTemplate": false,
    "count": 0,
    "updated": 0
  },
  {
    "id": "e6334970-9604-4f04-81fd-dd2fae3a26a2",
    "data": [
      {
        "text": "Storage services at the airport",
        "userDefined": false
      }
    ],
    "isTemplate": false,
    "count": 0,
    "updated": 0
  },
  {
    "id": "e7a96cc7-5aa2-491e-bc00-d3567f12d9c5",
    "data": [
      {
        "text": "Is there a Storage service?",
        "userDefined": false
      }
    ],
    "isTemplate": false,
    "count": 0,
    "updated": 0
  },
  {
    "id": "a790aae3-293b-488d-902a-1d0a9d4739d1",
    "data": [
      {
        "text": "Are storing facilities available at Changi airport",
        "userDefined": false
      }
    ],
    "isTemplate": false,
    "count": 0,
    "updated": 0
  },
  {
    "id": "709bc0cd-b2d8-457e-84a4-9c41ee4300e1",
    "data": [
      {
        "text": "Storing Facilities",
        "userDefined": false
      }
    ],
    "isTemplate": false,
    "count": 0,
    "updated": 0
  },
  {
    "id": "7545f861-2d75-4f59-a51e-4610d41c09d5",
    "data": [
      {
        "text": "Can i store my ",
        "userDefined": false
      },
      {
        "text": "bags",
        "alias": "BaggageEntity",
        "meta": "@BaggageEntity",
        "userDefined": false
      },
      {
        "text": " for some time",
        "userDefined": false
      }
    ],
    "isTemplate": false,
    "count": 0,
    "updated": 0
  },
  {
    "id": "066106ee-061b-4601-8afd-f65f59045af1",
    "data": [
      {
        "text": "I need to my ",
        "userDefined": false
      },
      {
        "text": "bag",
        "alias": "BaggageEntity",
        "meta": "@BaggageEntity",
        "userDefined": false
      }
    ],
    "isTemplate": false,
    "count": 0,
    "updated": 0
  },
  {
    "id": "c43eb557-a3e8-4537-b760-322f779d939a",
    "data": [
      {
        "text": "Can I store my ",
        "userDefined": false
      },
      {
        "text": "luggage",
        "alias": "BaggageEntity",
        "meta": "@BaggageEntity",
        "userDefined": false
      }
    ],
    "isTemplate": false,
    "count": 0,
    "updated": 0
  },
  {
    "id": "7a397b68-57bd-4099-844b-7bab76343ed1",
    "data": [
      {
        "text": "Is storing facility available at Singapore Airport",
        "userDefined": false
      }
    ],
    "isTemplate": false,
    "count": 0,
    "updated": 0
  },
  {
    "id": "b88c2f11-fb1c-4097-b97a-341fba28f02f",
    "data": [
      {
        "text": "I need to store my ",
        "userDefined": false
      },
      {
        "text": "bags",
        "alias": "BaggageEntity",
        "meta": "@BaggageEntity",
        "userDefined": false
      }
    ],
    "isTemplate": false,
    "count": 0,
    "updated": 0
  },
  {
    "id": "746cc93c-2ccb-4e57-b9dd-4e03150da465",
    "data": [
      {
        "text": "Where can I store my ",
        "userDefined": false
      },
      {
        "text": "bags",
        "alias": "BaggageEntity",
        "meta": "@BaggageEntity",
        "userDefined": false
      }
    ],
    "isTemplate": false,
    "count": 0,
    "updated": 0
  }
]